"","p_val","avg_logFC","pct.1","pct.2","p_val_adj","cluster","gene"
"CFD",0,4.41652395347264,0.937,0.057,0,"0","CFD"
"APOD",0,3.54461624117312,0.823,0.018,0,"0","APOD"
"DCN",0,3.14610157392711,0.996,0.258,0,"0","DCN"
"FBLN1",0,2.65983849366308,0.98,0.215,0,"0","FBLN1"
"PLA2G2A",0,2.54167020810765,0.737,0.012,0,"0","PLA2G2A"
"SFRP2",0,2.49569838604452,0.919,0.127,0,"0","SFRP2"
"MFAP5",0,2.285017913651,0.87,0.029,0,"0","MFAP5"
"SLPI",0,2.1719691620491,0.829,0.035,0,"0","SLPI"
"IGFBP6",0,2.08350091711325,0.984,0.597,0,"0","IGFBP6"
"PI16",0,1.99581889544287,0.85,0.01,0,"0","PI16"
"SERPINF1",0,1.93171408436964,0.966,0.208,0,"0","SERPINF1"
"C3",0,1.85525963274452,0.889,0.029,0,"0","C3"
"CCDC80",0,1.71870537592877,0.973,0.47,0,"0","CCDC80"
"FBLN2",0,1.70112876954861,0.888,0.063,0,"0","FBLN2"
"C1R",0,1.48222656357534,0.984,0.687,0,"0","C1R"
"TNXB",0,1.41874261694427,0.849,0.067,0,"0","TNXB"
"MGST1",0,1.41421805078668,0.863,0.057,0,"0","MGST1"
"C1S",0,1.40852525321713,0.973,0.488,0,"0","C1S"
"ITM2A",0,1.35361604377501,0.877,0.128,0,"0","ITM2A"
"PLAT",0,1.3397670909656,0.752,0.045,0,"0","PLAT"
"SFRP1",0,1.33579658066206,0.731,0.082,0,"0","SFRP1"
"TIMP3",0,1.2771758315383,0.983,0.725,0,"0","TIMP3"
"IGF1",0,1.26351360978266,0.622,0.013,0,"0","IGF1"
"ABI3BP",0,1.15629368715652,0.853,0.176,0,"0","ABI3BP"
"GAS1",0,1.14418264512342,0.757,0.08,0,"0","GAS1"
"CHRDL1",0,1.10903410278934,0.813,0.045,0,"0","CHRDL1"
"PDGFRL",0,1.09831837386637,0.819,0.165,0,"0","PDGFRL"
"ABCA8",0,1.06058105782778,0.783,0.057,0,"0","ABCA8"
"LEPR",0,1.06022415667713,0.706,0.036,0,"0","LEPR"
"SCARA5",0,1.0579740996067,0.759,0.016,0,"0","SCARA5"
"LRRN4CL",0,0.857488927015122,0.703,0.009,0,"0","LRRN4CL"
"CD34",0,0.846265068777607,0.723,0.061,0,"0","CD34"
"TINAGL1",0,-1.04165688554853,0.008,0.734,0,"0","TINAGL1"
"FRZB",0,-1.5053332796088,0.092,0.825,0,"0","FRZB"
"ADIRF",0,-1.56701375738119,0.568,0.971,0,"0","ADIRF"
"PPP1R14A",0,-1.59612736382128,0.043,0.763,0,"0","PPP1R14A"
"MYH11",0,-1.73306306152135,0.02,0.799,0,"0","MYH11"
"TPM2",0,-2.40367392663605,0.317,0.969,0,"0","TPM2"
"TAGLN",0,-2.42803800640241,0.63,0.974,0,"0","TAGLN"
"ACTA2",0,-3.06556965679083,0.116,0.88,0,"0","ACTA2"
"KLF4",1.88203005691187e-302,1.07672313136108,0.782,0.141,3.89824885688157e-298,"0","KLF4"
"WISP2",8.52478234777188e-294,1.65569160616428,0.775,0.154,1.76573816769399e-289,"0","WISP2"
"ACKR3",1.56962790998151e-292,1.44031346176958,0.841,0.25,3.2511702899447e-288,"0","ACKR3"
"MMP2",7.1040566509861e-292,1.12891473742685,0.79,0.159,1.47146325411875e-287,"0","MMP2"
"TXNIP",2.06813955579793e-288,1.3487530190546,0.927,0.469,4.28373746192426e-284,"0","TXNIP"
"GPNMB",6.02058385390167e-288,1.06973100632769,0.839,0.287,1.24704353365865e-283,"0","GPNMB"
"S100A10",4.68883984969563e-286,1.17972845850984,0.991,0.649,9.71199398067457e-282,"0","S100A10"
"EMP1",1.43285139314388e-280,0.84435748175716,0.728,0.108,2.96786509061892e-276,"0","EMP1"
"PMP22",6.68492207757554e-279,1.02755944932829,0.901,0.478,1.38464790992822e-274,"0","PMP22"
"BGN",3.12207938684897e-267,-1.41021839205053,0.495,0.935,6.46676303398027e-263,"0","BGN"
"PRRX1",3.09070156158136e-262,0.923838908101335,0.908,0.427,6.40177014450346e-258,"0","PRRX1"
"FBN1",6.23515178535722e-261,1.32806893489452,0.796,0.226,1.29148698930104e-256,"0","FBN1"
"RGS5",2.09534971566453e-260,-1.93929880575272,0.016,0.663,4.34009786605593e-256,"0","RGS5"
"CXCL14",6.24542727980777e-260,2.0694449491476,0.555,0.015,1.29361535246658e-255,"0","CXCL14"
"GUCY1A1",1.05852025476418e-259,-0.939608195885953,0.07,0.721,2.19251300369304e-255,"0","GUCY1A1"
"PLTP",1.59489590884831e-254,0.862877350878409,0.707,0.128,3.3035078959975e-250,"0","PLTP"
"RAMP2",7.0327198186119e-247,0.773517551206702,0.577,0.036,1.45668725602908e-242,"0","RAMP2"
"DHRS3",8.4461388674044e-244,0.805481430766528,0.669,0.111,1.74944874360547e-239,"0","DHRS3"
"ADH1B",2.88735015081241e-242,1.2726606857046,0.864,0.332,5.98056836737774e-238,"0","ADH1B"
"A2M",1.65690213042807e-241,-0.984197801359114,0.128,0.771,3.43194138275566e-237,"0","A2M"
"ID4",1.6829225431705e-241,-1.15723266555068,0.25,0.815,3.48583746366905e-237,"0","ID4"
"CD248",4.80181049418379e-241,0.745793946336241,0.584,0.052,9.94599007660289e-237,"0","CD248"
"ZFP36L2",2.27730759070169e-240,0.959056085232744,0.929,0.502,4.71698721262041e-236,"0","ZFP36L2"
"SFRP4",4.27352243607703e-240,1.97592007250313,0.756,0.199,8.85174702184635e-236,"0","SFRP4"
"PDLIM3",3.01323308805549e-239,-1.01596149914208,0.194,0.779,6.24130969528934e-235,"0","PDLIM3"
"SEMA3C",2.04866207681418e-234,0.891075770505554,0.553,0.039,4.24339375970521e-230,"0","SEMA3C"
"MAP1B",9.6224730902178e-234,-1.04232475966566,0.403,0.878,1.99310285117681e-229,"0","MAP1B"
"OLFML3",1.65296098500416e-231,0.729973086065758,0.706,0.156,3.42377808823913e-227,"0","OLFML3"
"RCAN2",1.31764418671044e-229,-0.82061593694653,0.046,0.639,2.72923640393333e-225,"0","RCAN2"
"PODN",1.35480352283442e-228,0.733493259941168,0.665,0.127,2.80620453684694e-224,"0","PODN"
"MYLK",6.07206314649503e-228,-0.779729237571025,0.011,0.599,1.25770643953351e-223,"0","MYLK"
"PCOLCE2",2.47771907547639e-227,1.32237412931267,0.683,0.152,5.13209952103424e-223,"0","PCOLCE2"
"LRP1",7.16916603823562e-224,0.842145057085731,0.847,0.338,1.48494936149974e-219,"0","LRP1"
"RAMP1",3.29989302766585e-222,-1.11262508221963,0.009,0.587,6.83506842820428e-218,"0","RAMP1"
"LUM",3.05313677149681e-219,0.830155978419556,0.849,0.207,6.32396219480134e-215,"0","LUM"
"PLN",9.06606850025517e-219,-0.986371905929265,0.006,0.577,1.87785476845785e-214,"0","PLN"
"CTSK",1.70822957187879e-218,0.891609634933492,0.792,0.27,3.53825591223255e-214,"0","CTSK"
"ITGA8",6.18402111121034e-216,-0.892138461942618,0.018,0.588,1.280896292765e-211,"0","ITGA8"
"CRIP2",1.54146890993315e-207,-0.870211275777898,0.318,0.804,3.19284455314454e-203,"0","CRIP2"
"IGFBP2",3.97762486049866e-205,-1.67532044672228,0.048,0.597,8.23885437355087e-201,"0","IGFBP2"
"LMOD1",5.10225497232464e-205,-0.90811622297538,0.231,0.749,1.0568300724176e-200,"0","LMOD1"
"PSAP",2.83615352150699e-204,0.724000507433446,0.931,0.62,5.87452478909743e-200,"0","PSAP"
"UAP1",7.75742748103154e-204,0.752132955711796,0.606,0.11,1.60679595414606e-199,"0","UAP1"
"F3",4.97318401855772e-201,0.791639040960383,0.578,0.083,1.03009560576386e-196,"0","F3"
"ANXA2",1.30482350496129e-196,0.759010906028758,0.96,0.753,2.70268092582633e-192,"0","ANXA2"
"HES4",2.20940924133633e-195,-0.837925197368315,0.041,0.576,4.57634936157994e-191,"0","HES4"
"PIK3R1",3.44915909396871e-191,0.778976758017582,0.754,0.272,7.14424323133738e-187,"0","PIK3R1"
"ISYNA1",9.87937105151052e-188,-0.70056612943538,0.037,0.555,2.04631412589937e-183,"0","ISYNA1"
"NEXN",5.59767243195689e-184,-0.939027612244867,0.139,0.652,1.15944589083123e-179,"0","NEXN"
"MXRA8",1.07745384357188e-183,0.707034109923837,0.806,0.378,2.23173014619044e-179,"0","MXRA8"
"MCAM",3.80978547383861e-183,-0.803740074218548,0.007,0.506,7.89120865196192e-179,"0","MCAM"
"GPX3",1.09179408308486e-178,0.859474942811268,0.748,0.316,2.26143308429367e-174,"0","GPX3"
"PCOLCE",4.44974083812761e-177,0.732337709346836,0.876,0.47,9.21674819801373e-173,"0","PCOLCE"
"CSRP1",5.39239360915157e-177,-0.99718454743125,0.347,0.764,1.11692648826357e-172,"0","CSRP1"
"RARRES1",7.27634890613626e-175,1.16543347063803,0.534,0.087,1.507150148928e-170,"0","RARRES1"
"NEAT1",1.49265215311914e-171,0.990679592255555,0.925,0.614,3.09173040475567e-167,"0","NEAT1"
"SNCG",9.07877538754306e-171,-0.888171277735825,0.046,0.535,1.88048674602179e-166,"0","SNCG"
"LBH",3.24121661359289e-168,-0.77790980341024,0.083,0.576,6.71353197173495e-164,"0","LBH"
"SELENOP",3.89653937158445e-167,0.725081305797169,0.809,0.404,8.07090200036286e-163,"0","SELENOP"
"OMD",8.44636935480966e-166,0.73226596273525,0.836,0.347,1.74949648446173e-161,"0","OMD"
"LTBP4",9.12535060560995e-166,0.778354644102588,0.866,0.496,1.89013387093999e-161,"0","LTBP4"
"CNN1",1.65593892212297e-165,-0.86384385142308,0.009,0.473,3.42994628939331e-161,"0","CNN1"
"CAV1",1.34466137370001e-164,-0.755646395741048,0.436,0.857,2.78519710334484e-160,"0","CAV1"
"C12orf75",5.46785482828857e-161,-0.984993999126905,0.224,0.683,1.13255677058341e-156,"0","C12orf75"
"MFAP4",8.83003362860444e-161,0.956620490454446,0.908,0.604,1.82896486549284e-156,"0","MFAP4"
"FLNA",2.85255545703838e-158,-0.898216714964174,0.305,0.744,5.90849811816359e-154,"0","FLNA"
"F10",3.90255801775371e-153,0.809095085568322,0.667,0.264,8.08336842217326e-149,"0","F10"
"C2orf40",6.54569098269298e-153,-0.937711242840413,0.215,0.701,1.3558089732452e-148,"0","C2orf40"
"NRGN",6.90188275473522e-146,-0.740087899378075,0.003,0.423,1.42958697498831e-141,"0","NRGN"
"SORBS2",1.45964479783385e-145,-0.806272015165095,0.023,0.45,3.02336226975326e-141,"0","SORBS2"
"TSC22D1",1.53878694239514e-138,-0.738669367964761,0.232,0.666,3.18728939378304e-134,"0","TSC22D1"
"SPINT2",1.53467365363686e-136,-0.768845881349469,0.066,0.491,3.17876953877804e-132,"0","SPINT2"
"IGFBP4",1.12644505800978e-133,0.777140014415266,0.798,0.433,2.33320564865566e-129,"0","IGFBP4"
"FILIP1L",4.66832594472162e-121,-1.0051903958518,0.426,0.755,9.66950352930188e-117,"0","FILIP1L"
"RERGL",6.05869404141398e-116,-1.09471433393189,0.007,0.357,1.25493729679808e-111,"0","RERGL"
"ACTG2",6.83366738952914e-105,-0.704953513465614,0.003,0.324,1.41545752639317e-100,"0","ACTG2"
"CSRP2",1.33838031122892e-104,-0.752109735704766,0.129,0.493,2.77218713864846e-100,"0","CSRP2"
"C11orf96",4.54317086144754e-98,-1.38822120123238,0.601,0.83,9.41026980531629e-94,"0","C11orf96"
"NDUFA4L2",1.49220340177353e-96,-1.04655414773406,0.163,0.504,3.09080090609351e-92,"0","NDUFA4L2"
"MYH10",9.26911544822741e-94,-1.00741905782632,0.171,0.497,1.91991188279134e-89,"0","MYH10"
"FHL1",8.27204822301027e-93,-0.96609422289294,0.588,0.8,1.71338934843212e-88,"0","FHL1"
"NOV",1.52744950007966e-89,-0.914125377888023,0.208,0.557,3.16380614951501e-85,"0","NOV"
"COL8A1",4.61742935706865e-68,-0.706797591885391,0.074,0.339,9.5640814272963e-64,"0","COL8A1"
"CCL2",4.89713218394029e-62,-0.971865573298432,0.128,0.404,1.01434298925955e-57,"0","CCL2"
"PTGDS",6.07442343190904e-61,1.06614598364547,0.259,0.052,1.25819532545132e-56,"0","PTGDS"
"RERGL.1",0,1.5828547072556,0.705,0.036,0,"1","RERGL"
"S100A10.1",9.86709979962928e-305,-1.75263983735903,0.295,0.967,2.04377238149721e-300,"1","S100A10"
"EFEMP1",1.19653682845057e-286,-1.62988314406116,0.156,0.888,2.47838673276967e-282,"1","EFEMP1"
"FABP4",1.64619773690264e-280,1.02871308148989,0.568,0.023,3.40976937244643e-276,"1","FABP4"
"C11orf96.1",5.87231687992666e-273,1.94509968998115,0.976,0.651,1.21633299533921e-268,"1","C11orf96"
"IGFBP6.1",1.6227249604632e-262,-2.56341661484061,0.33,0.908,3.36115021060743e-258,"1","IGFBP6"
"OGN",2.95079257280197e-261,-1.46788024851155,0.26,0.907,6.11197665604472e-257,"1","OGN"
"MCAM.1",2.99280134890038e-239,0.874525108009107,0.744,0.144,6.19898943397737e-235,"1","MCAM"
"OMD.1",8.60031022586335e-239,-1.28214176978402,0.01,0.74,1.78138225708308e-234,"1","OMD"
"BCAM",1.2077209110056e-238,0.858943776637027,0.687,0.122,2.50155232296591e-234,"1","BCAM"
"NRGN.1",3.15186091192492e-237,0.874536088714178,0.671,0.101,6.52844950687008e-233,"1","NRGN"
"CSRP2.1",1.41898778881108e-232,0.988829704216839,0.778,0.188,2.93914940696439e-228,"1","CSRP2"
"TINAGL1.1",5.69850210741557e-223,0.847883013419335,0.868,0.287,1.18033074150899e-218,"1","TINAGL1"
"PTGIS",7.21364450431633e-220,-1.00007402102254,0.024,0.712,1.49416218617904e-215,"1","PTGIS"
"ANXA2.1",3.45153650502783e-206,-0.951039199121819,0.564,0.936,7.14916756286414e-202,"1","ANXA2"
"FBLN1.1",1.7118356087939e-205,-2.49497417089464,0.045,0.697,3.54572509649481e-201,"1","FBLN1"
"COL1A2",3.57546996427968e-205,-1.37833466619429,0.322,0.857,7.4058709370125e-201,"1","COL1A2"
"FBLN5",4.04134010293467e-200,-0.859751182897827,0.039,0.687,8.37082775520858e-196,"1","FBLN5"
"ARL6IP5",9.55352667729192e-200,-0.817552290837809,0.627,0.94,1.97882198066748e-195,"1","ARL6IP5"
"VCAN",4.01065023693166e-197,-1.43084424852522,0.103,0.746,8.30725983575655e-193,"1","VCAN"
"TAGLN.1",1.11258094428787e-194,1.11225478754758,0.989,0.781,2.30448890990347e-190,"1","TAGLN"
"LTBP4.1",2.26853954881922e-192,-1.02472138410575,0.225,0.799,4.69882596746925e-188,"1","LTBP4"
"HES4.1",1.49895447086474e-191,0.831244131414839,0.755,0.217,3.10478439550213e-187,"1","HES4"
"ADIRF.1",3.41321535853762e-191,1.00992817137075,0.975,0.749,7.06979297213898e-187,"1","ADIRF"
"ADH1B.1",1.78483758338536e-189,-1.60887744963135,0.093,0.712,3.6969340864661e-185,"1","ADH1B"
"PRELP",2.59078320305875e-184,-1.00533305544346,0.314,0.826,5.36628924849558e-180,"1","PRELP"
"ACTA2.1",9.92519426780533e-183,1.10011504577093,0.959,0.433,2.05580548869052e-178,"1","ACTA2"
"FGL2",3.89003631290008e-181,-1.29725487316925,0.03,0.641,8.05743221490994e-177,"1","FGL2"
"LBH.1",3.45974793349136e-180,0.830335243910844,0.757,0.239,7.16617589464066e-176,"1","LBH"
"ITGBL1",5.44196319870581e-176,-0.903871121195021,0.033,0.634,1.12719383734794e-171,"1","ITGBL1"
"SFRP2.1",9.17937876131355e-175,-3.00810789073933,0.006,0.605,1.90132472283088e-170,"1","SFRP2"
"CCDC80.1",1.50127200293468e-169,-1.67025672885771,0.344,0.792,3.10958469967859e-165,"1","CCDC80"
"LRP1.1",3.49879535513534e-167,-0.874798876770789,0.124,0.696,7.24705481909182e-163,"1","LRP1"
"SPARCL1",4.65607041648825e-167,1.13360973908918,0.986,0.767,9.64411865367212e-163,"1","SPARCL1"
"FILIP1L.1",8.93647760824718e-165,1.13701462072383,0.896,0.523,1.85101260699624e-160,"1","FILIP1L"
"PPP1R12A",1.43357658210769e-164,0.746761831345705,0.821,0.407,2.96936717451966e-160,"1","PPP1R12A"
"C1R.1",6.17273700537004e-164,-1.40909081919494,0.607,0.88,1.2785590159223e-159,"1","C1R"
"CLU",7.21140853564741e-161,-1.19344195569906,0.616,0.935,1.49369904998865e-156,"1","CLU"
"ADAMTS1",3.71092073640319e-160,0.835245625961928,0.767,0.295,7.68643012131192e-156,"1","ADAMTS1"
"FSTL1",5.75915982740818e-160,-0.896147585461546,0.134,0.683,1.19289477505106e-155,"1","FSTL1"
"ATF3",3.75753451887561e-158,1.05837616482973,0.827,0.386,7.78298124894706e-154,"1","ATF3"
"SORBS2.1",4.75972390253655e-155,0.966520598115568,0.599,0.161,9.85881611932395e-151,"1","SORBS2"
"CTSK.1",7.45983307059673e-155,-0.877323367925504,0.079,0.627,1.5451552239127e-150,"1","CTSK"
"BTG1",1.36941922158805e-152,0.958694875465063,0.893,0.537,2.83647803367532e-148,"1","BTG1"
"MMP2.1",3.02905030852904e-151,-0.998671133010124,0.014,0.558,6.27407190405619e-147,"1","MMP2"
"ITM2A.1",4.18862219880336e-151,-1.12268475443774,0.033,0.573,8.6758931603814e-147,"1","ITM2A"
"TIMP2",1.00735491027746e-150,-0.754863876567217,0.389,0.819,2.08653422565771e-146,"1","TIMP2"
"LUM.1",8.98134929200789e-149,-1.78893312079062,0.074,0.607,1.86030687885359e-144,"1","LUM"
"SFRP4.1",2.30721220637912e-148,-2.04375894384926,0.031,0.566,4.77892864307306e-144,"1","SFRP4"
"MYH11.1",5.35948982187502e-147,0.884291526999191,0.843,0.356,1.11011112680497e-142,"1","MYH11"
"RGS16",1.01210710511324e-142,0.933279064258066,0.564,0.133,2.09637744682105e-138,"1","RGS16"
"FBLN2.1",2.12889945114641e-142,-1.31691260504611,0.013,0.533,4.40958943315957e-138,"1","FBLN2"
"S100A13",2.15890902896254e-141,-0.734312361812671,0.275,0.75,4.47174827169011e-137,"1","S100A13"
"CDKN1A",1.72677846048815e-140,0.751942270512956,0.652,0.211,3.57667622520911e-136,"1","CDKN1A"
"C1S.1",7.6372923651551e-140,-1.15854243678221,0.394,0.788,1.58191236759458e-135,"1","C1S"
"ABI3BP.1",4.70914130791278e-138,-1.00304761525575,0.075,0.584,9.75404439107975e-134,"1","ABI3BP"
"TPM2.1",7.03231292058912e-138,0.780148231070224,0.977,0.609,1.45660297524162e-133,"1","TPM2"
"WISP2.1",8.09312787743953e-138,-1.47912367150256,0.029,0.54,1.67632957725405e-133,"1","WISP2"
"NDUFA4L2.1",1.99590441232933e-136,1.04426563481249,0.69,0.249,4.13411680925774e-132,"1","NDUFA4L2"
"PSAP.1",3.26537449829974e-136,-0.729180829011581,0.483,0.841,6.76357019832826e-132,"1","PSAP"
"MGST1.1",1.00889929404878e-135,-1.06505664828788,0.012,0.515,2.08973310776323e-131,"1","MGST1"
"PDGFRL.1",1.6094245538422e-135,-0.902870462324681,0.06,0.562,3.33360107837336e-131,"1","PDGFRL"
"MFAP5.1",8.19565413311193e-134,-1.83421860089739,0.001,0.499,1.69756584059147e-129,"1","MFAP5"
"C3.1",9.7077372451899e-132,-1.40250561209099,0.011,0.506,2.01076361559618e-127,"1","C3"
"FBN1.1",4.13980038410263e-130,-1.1420463587553,0.097,0.586,8.57476853559178e-126,"1","FBN1"
"MFAP4.1",5.42120331821758e-130,-1.10983870079376,0.45,0.827,1.12289384330241e-125,"1","MFAP4"
"GADD45B",9.05024332070545e-130,1.57632765307602,0.86,0.61,1.87457689901772e-125,"1","GADD45B"
"PMP22.1",1.13644540004364e-127,-0.86864647953541,0.357,0.754,2.3539193571104e-123,"1","PMP22"
"PHLDA2",1.00714224402736e-126,0.754963484184545,0.557,0.158,2.08609373005387e-122,"1","PHLDA2"
"SLPI.1",1.2661644137468e-124,-1.98262138023949,0.007,0.48,2.62260635019374e-120,"1","SLPI"
"PI16.1",3.61610192636377e-124,-1.52321241791629,0.001,0.473,7.49003192007729e-120,"1","PI16"
"PRSS23",1.3210345035872e-123,-0.865451276886421,0.114,0.591,2.73625876728016e-119,"1","PRSS23"
"SOCS3",1.94057746846495e-123,0.758121274877994,0.736,0.325,4.01951811043145e-119,"1","SOCS3"
"PCOLCE2.1",1.22749554176649e-121,-1.161776122603,0.023,0.49,2.54251151566093e-117,"1","PCOLCE2"
"EMP3",4.94826962314544e-121,-0.703701912588003,0.359,0.783,1.02493508704211e-116,"1","EMP3"
"SFRP1.1",9.5372615909201e-121,-1.09872060221816,0.004,0.466,1.97545299332728e-116,"1","SFRP1"
"DCN.1",1.05207614633268e-119,-2.99285405494237,0.3,0.646,2.17916532189889e-115,"1","DCN"
"APOD.1",7.83289427000195e-119,-2.99004172964553,0.006,0.463,1.6224273901455e-114,"1","APOD"
"TNXB.1",2.63645719864979e-118,-1.03672462175769,0.045,0.503,5.46089379556331e-114,"1","TNXB"
"AEBP1",5.24547868192298e-118,-0.923813276671048,0.534,0.829,1.08649599938671e-113,"1","AEBP1"
"CFD.1",4.23306076807934e-117,-3.61068676921486,0.083,0.528,8.76793876892275e-113,"1","CFD"
"GPNMB.1",7.49334800456901e-114,-0.837569965167428,0.194,0.623,1.55209717218638e-109,"1","GPNMB"
"SCARA5.1",7.52746917824631e-109,-0.728435766662638,0.001,0.428,1.55916469089016e-104,"1","SCARA5"
"ZFP36L2.1",7.92932658162612e-107,-0.777335417831094,0.395,0.775,1.64240141485222e-102,"1","ZFP36L2"
"ABCA8.1",3.50253038539188e-106,-0.73896225430518,0.035,0.462,7.2547911872622e-102,"1","ABCA8"
"GAS1.1",1.13162030829066e-105,-0.829862344052303,0.039,0.466,2.34392514456243e-101,"1","GAS1"
"CHRDL1.1",3.30654354292002e-101,-0.740779393023796,0.047,0.465,6.84884364045023e-97,"1","CHRDL1"
"PLA2G2A.1",2.77496740387613e-96,-1.98605115680507,0.014,0.408,5.74778998364862e-92,"1","PLA2G2A"
"SERPINF1.1",8.74862263375002e-95,-1.42849011013751,0.267,0.601,1.81210220612864e-90,"1","SERPINF1"
"PLAT.1",1.29619441420379e-92,-0.94628350393621,0.045,0.432,2.68480749014031e-88,"1","PLAT"
"LEPR.1",9.86576328916296e-92,-0.731728369149042,0.025,0.407,2.04349555008432e-87,"1","LEPR"
"MYH10.1",1.51751733829575e-88,-1.00252499759352,0.088,0.47,3.14323366281198e-84,"1","MYH10"
"DPT",7.73500945907698e-87,-0.861204553584598,0.033,0.408,1.60215250925861e-82,"1","DPT"
"RHOB",1.40281226789336e-86,0.898469979605114,0.803,0.57,2.90564505048752e-82,"1","RHOB"
"IGF1.1",1.3365317148952e-80,-0.876669375336982,0.007,0.348,2.76835814106242e-76,"1","IGF1"
"RARRES1.1",2.1812965071429e-78,-0.933547057739004,0.018,0.357,4.51811945524509e-74,"1","RARRES1"
"CXCL14.1",1.03368953456072e-64,-1.47802316981673,0.016,0.31,2.14108113293561e-60,"1","CXCL14"
"RGS5.1",1.19471028503225e-63,0.812406444567509,0.673,0.305,2.4746034133873e-59,"1","RGS5"
"HLA-DRB1",5.54664735493902e-60,-0.847327105871977,0.114,0.412,1.14887706662852e-55,"1","HLA-DRB1"
"COL3A1",9.87916935016493e-60,-0.764261408107424,0.245,0.551,2.04627234749966e-55,"1","COL3A1"
"FN1",3.46680741516186e-59,-0.975485528473095,0.361,0.657,7.18079819902477e-55,"1","FN1"
"NEAT1.1",4.73062067211908e-59,-0.707186920245026,0.57,0.801,9.79853459816025e-55,"1","NEAT1"
"CD74",2.20657296586106e-48,-0.737555348301119,0.18,0.458,4.57047458418801e-44,"1","CD74"
"BGN.1",1.14678514293774e-208,1.26446852843744,0.994,0.697,2.37533606656695e-204,"2","BGN"
"COL8A1.1",1.28860316620332e-203,1.166390899677,0.661,0.118,2.66908373815694e-199,"2","COL8A1"
"TGM2",4.95185364252872e-188,0.759056505365255,0.504,0.053,1.02567744497697e-183,"2","TGM2"
"SPINT2.1",1.10970878824589e-181,0.7256929282303,0.803,0.192,2.29853981309372e-177,"2","SPINT2"
"EDIL3",5.80549729398459e-167,0.77574203941433,0.792,0.264,1.20249265450303e-162,"2","EDIL3"
"MYH10.2",8.80819678737195e-157,0.949791981591976,0.797,0.251,1.82444180056835e-152,"2","MYH10"
"LTBP2",2.62019647504516e-156,0.796881355279035,0.646,0.163,5.42721295876105e-152,"2","LTBP2"
"IGFBP2.1",3.01051826609392e-147,0.912669708694506,0.82,0.259,6.23568648456033e-143,"2","IGFBP2"
"VCAN.1",7.40662347466129e-141,1.36535421900827,0.855,0.495,1.53413392030659e-136,"2","VCAN"
"FN1.1",3.7939881830178e-137,1.59629713242299,0.864,0.5,7.85848772348478e-133,"2","FN1"
"JUN",1.5476406855024e-133,-1.12140996744271,0.744,0.956,3.20562815188112e-129,"2","JUN"
"NR4A1",1.69022050116714e-125,-1.10258363883659,0.143,0.67,3.5009537240675e-121,"2","NR4A1"
"TIMP3.1",9.35302343021375e-121,-1.05114703860543,0.538,0.906,1.93729174310017e-116,"2","TIMP3"
"LTBP1",3.68382458335926e-117,0.727551272526032,0.86,0.468,7.63030585951203e-113,"2","LTBP1"
"BTG2",4.49301653028994e-117,-1.08877678900889,0.284,0.756,9.30638513918955e-113,"2","BTG2"
"NOV.1",1.59843049883339e-108,1.11622606442108,0.749,0.328,3.3108290922336e-104,"2","NOV"
"IER2",1.66520112979168e-107,-1.00644557085502,0.525,0.862,3.4491311001375e-103,"2","IER2"
"TXNIP.1",1.17211579272319e-106,-1.15165150486738,0.311,0.744,2.42780344146755e-102,"2","TXNIP"
"ACKR3.1",3.99268617375606e-105,-1.2846345827205,0.117,0.585,8.27005087170092e-101,"2","ACKR3"
"CFD.2",6.87771609748656e-105,-3.96489926504317,0.029,0.51,1.42458133527239e-100,"2","CFD"
"ITGA8.1",6.01978474774819e-101,0.749886663663017,0.687,0.272,1.24687801480108e-96,"2","ITGA8"
"IGFBP4.1",1.1762394666701e-99,-0.918746133321591,0.225,0.674,2.43634480731379e-95,"2","IGFBP4"
"ZFP36",7.27799108391831e-99,-0.968159712478659,0.676,0.932,1.507490293212e-94,"2","ZFP36"
"COL14A1",2.23418060624085e-97,0.78899407273449,0.908,0.692,4.62765828970668e-93,"2","COL14A1"
"POSTN",2.98971210556401e-94,0.750358002279955,0.248,0.02,6.19259068425473e-90,"2","POSTN"
"AEBP1.1",4.33444842836351e-93,0.903394990266023,0.908,0.707,8.97794302966934e-89,"2","AEBP1"
"ASPN",3.30143178869089e-89,0.963717403966117,0.59,0.22,6.83825566391544e-85,"2","ASPN"
"TNFRSF11B",2.00421324330061e-83,0.972629556970955,0.467,0.142,4.15132689084856e-79,"2","TNFRSF11B"
"PI16.2",8.68105703942555e-83,-1.41038353363936,0.02,0.433,1.79810734457621e-78,"2","PI16"
"FOSB",3.2578638856858e-81,-0.751677302593442,0.362,0.745,6.74801346642099e-77,"2","FOSB"
"EGR1",8.22895208165458e-80,-0.746116553655233,0.559,0.85,1.70446284467311e-75,"2","EGR1"
"C3.2",4.22843778003904e-77,-1.25459450443699,0.063,0.455,8.75836317379486e-73,"2","C3"
"CHRDL1.2",5.42011555898909e-77,-0.712869164439108,0.04,0.436,1.12266853573341e-72,"2","CHRDL1"
"APOD.2",4.17022662030971e-75,-2.85016430088687,0.039,0.42,8.63779039864751e-71,"2","APOD"
"PLA2G2A.2",1.65172308311965e-71,-1.94543424020361,0.012,0.379,3.42121402206572e-67,"2","PLA2G2A"
"MFAP5.2",3.18141028612966e-69,-1.58201612436426,0.079,0.442,6.58965512566036e-65,"2","MFAP5"
"KLF2",1.15060169709428e-67,-0.747547836677168,0.522,0.82,2.38324129519138e-63,"2","KLF2"
"SERPINF1.2",1.33240119222742e-66,-1.18974940999483,0.243,0.583,2.75980258946066e-62,"2","SERPINF1"
"KLF4.1",1.88121352689219e-66,-0.729316055847232,0.109,0.474,3.8965575782518e-62,"2","KLF4"
"PLAT.2",3.67192433673395e-61,-0.864473603006318,0.062,0.399,7.60565687867704e-57,"2","PLAT"
"DCN.2",7.29659672414552e-61,-1.92380207134234,0.344,0.609,1.51134407947226e-56,"2","DCN"
"TNXB.2",7.94732312484218e-58,-0.867512400716348,0.123,0.448,1.64612903884856e-53,"2","TNXB"
"SLPI.2",1.97143450277718e-56,-1.19577529827536,0.085,0.424,4.08343228560237e-52,"2","SLPI"
"SFRP1.2",4.29370616190584e-56,-0.864747134695546,0.085,0.41,8.89355357315556e-52,"2","SFRP1"
"FBLN2.2",1.38910352291344e-54,-1.05116773907553,0.16,0.455,2.87725012701061e-50,"2","FBLN2"
"MGST1.2",1.40611399021132e-54,-0.831976130762022,0.14,0.443,2.91248390792471e-50,"2","MGST1"
"IGF1.2",9.59390879191102e-54,-0.816241423476847,0.022,0.319,1.98718632806853e-49,"2","IGF1"
"CXCL14.2",1.93728541987434e-46,-1.55868326239589,0.02,0.287,4.01269929018573e-42,"2","CXCL14"
"RHOB.1",1.84988571110011e-41,-0.735161729327359,0.462,0.679,3.83166827340167e-37,"2","RHOB"
"GADD45B.1",6.63845957349133e-41,-1.10095001226461,0.504,0.725,1.37502413145726e-36,"2","GADD45B"
"SOST",0,1.78372345056571,0.796,0.023,0,"3","SOST"
"DLX6-AS1",0,1.49565646590536,0.807,0.026,0,"3","DLX6-AS1"
"LMO2",0,1.48882669939904,0.829,0.084,0,"3","LMO2"
"TSPAN13",2.11730576424812e-307,0.877074882702278,0.539,0.007,4.38557542948714e-303,"3","TSPAN13"
"SUCNR1",7.65866889702431e-293,1.57014351115692,0.627,0.027,1.58634008864065e-288,"3","SUCNR1"
"DLX5",2.88282202912989e-287,1.2527223100522,0.87,0.113,5.97118926893675e-283,"3","DLX5"
"RAMP1.1",5.39873329095459e-208,1.34983429582997,0.959,0.276,1.11823962655543e-203,"3","RAMP1"
"IGFBP2.2",1.25764380648029e-183,1.50413083284718,0.953,0.3,2.60495761636263e-179,"3","IGFBP2"
"LMO7",1.25883283729072e-177,0.824622873624882,0.707,0.117,2.60742045588026e-173,"3","LMO7"
"FRZB.1",7.13362624796368e-174,1.55793703918725,0.981,0.473,1.47758800474072e-169,"3","FRZB"
"PFN2",8.40385807216037e-165,1.09228595532332,0.845,0.268,1.74069112248658e-160,"3","PFN2"
"PDE5A",9.0010787932167e-137,1.11037353061531,0.901,0.404,1.86439345043898e-132,"3","PDE5A"
"MYH10.3",4.34900367122029e-136,1.03822759826044,0.895,0.296,9.00809130419858e-132,"3","MYH10"
"SPINT2.2",1.40226514122728e-135,0.861966589745184,0.848,0.251,2.90451178702407e-131,"3","SPINT2"
"PLK2",2.78711511281887e-134,0.863375718095551,0.682,0.161,5.77295153318172e-130,"3","PLK2"
"ATP1B1",1.07520209589964e-125,0.801007555376337,0.68,0.166,2.22706610123693e-121,"3","ATP1B1"
"SPARCL1.1",2.57743680815568e-107,-1.65316711346822,0.376,0.887,5.33864486073286e-103,"3","SPARCL1"
"MAP1B.1",2.94960680812568e-106,1.03984003721791,0.942,0.655,6.10952058167071e-102,"3","MAP1B"
"FHL1.1",1.27113271769574e-102,1.30437281947005,0.931,0.687,2.63289719816319e-98,"3","FHL1"
"LMCD1",2.85951077105361e-95,0.810947296499573,0.782,0.317,5.92290466008334e-91,"3","LMCD1"
"DCN.3",2.83073490838746e-90,-3.33843945735865,0.008,0.625,5.86330121574294e-86,"3","DCN"
"OGN.1",8.7710074911606e-90,0.934662455751128,0.961,0.701,1.81673878164409e-85,"3","OGN"
"PDLIM3.1",3.32986732577647e-85,0.841884273302486,0.878,0.501,6.89715419188081e-81,"3","PDLIM3"
"OSR1",6.27051028220749e-81,0.764997145950176,0.638,0.218,1.29881079475364e-76,"3","OSR1"
"SERPINF1.3",2.49661725355968e-79,-1.79833774664058,0.011,0.578,5.17124331729816e-75,"3","SERPINF1"
"CFH",6.81453942718808e-79,-1.2868444648121,0.03,0.591,1.41149555155347e-74,"3","CFH"
"CPE",3.80817898023615e-75,-0.847866049005639,0.425,0.861,7.88788112176314e-71,"3","CPE"
"CCND1",1.36120931654214e-72,0.983483738197812,0.71,0.335,2.81947285735373e-68,"3","CCND1"
"CEBPD",2.50882891138009e-72,-1.19694907058554,0.522,0.861,5.19653732414158e-68,"3","CEBPD"
"ID4.1",4.97389035371791e-71,0.72811002120971,0.909,0.546,1.03024190896559e-66,"3","ID4"
"SNCG.1",9.00509747398594e-71,0.74120917694347,0.71,0.29,1.86522583978671e-66,"3","SNCG"
"NNMT",1.86753421340993e-69,-0.935281833328035,0.42,0.8,3.86822361623599e-65,"3","NNMT"
"SELENOP.1",3.47541894753472e-69,-0.79393703810022,0.11,0.627,7.19863526602867e-65,"3","SELENOP"
"LUM.2",1.77878049713503e-68,-1.80718329390144,0.008,0.524,3.68438804371579e-64,"3","LUM"
"PPP1R14A.1",3.07207144724301e-67,0.727615515534514,0.876,0.422,6.36318158867444e-63,"3","PPP1R14A"
"NR4A1.1",3.01382026580077e-65,-1.00777520475123,0.13,0.616,6.24252591655313e-61,"3","NR4A1"
"C1S.2",2.95281537019551e-62,-1.20175007909584,0.392,0.72,6.11616647628597e-58,"3","C1S"
"FGF7",5.39448165017207e-62,-0.858434062086433,0.061,0.554,1.11735898420014e-57,"3","FGF7"
"CCDC80.2",7.60730982914802e-62,-1.58231024091059,0.387,0.709,1.57570208491143e-57,"3","CCDC80"
"ACKR3.2",3.83821179477387e-59,-1.24628353485225,0.086,0.54,7.95008809051511e-55,"3","ACKR3"
"SFRP2.2",4.96242536732497e-59,-2.73284170374363,0.036,0.498,1.02786716633402e-54,"3","SFRP2"
"FBLN2.3",1.24883170179435e-54,-1.19265599011697,0.003,0.445,2.58670510392664e-50,"3","FBLN2"
"EFEMP1.1",2.13296283019923e-54,0.736817931050169,0.939,0.657,4.41800591019167e-50,"3","EFEMP1"
"GPX3.1",8.83280624565636e-54,-0.740135290043975,0.102,0.54,1.8295391576628e-49,"3","GPX3"
"KLF2.1",9.44328031104628e-53,-0.855345062338055,0.456,0.797,1.95598665082702e-48,"3","KLF2"
"EGR1.1",3.01430817350935e-51,-0.780995880416378,0.552,0.82,6.24353651978992e-47,"3","EGR1"
"CFD.3",6.96171292499629e-51,-3.84990269649052,0.044,0.457,1.44197959815448e-46,"3","CFD"
"MGST1.3",2.49443972045384e-50,-0.941577630187325,0.011,0.428,5.16673299297603e-46,"3","MGST1"
"C3.3",9.62157756371201e-50,-1.28775729006946,0.008,0.421,1.99291736077167e-45,"3","C3"
"MFAP5.3",2.53644614914611e-49,-1.67588456327781,0.003,0.413,5.25374090872633e-45,"3","MFAP5"
"TNXB.3",5.74189487288641e-49,-0.951716300933021,0.019,0.428,1.18931868502096e-44,"3","TNXB"
"ITM2A.2",4.82973556752187e-48,-0.941511197748555,0.075,0.474,1.0003831281008e-43,"3","ITM2A"
"MT2A",1.91249216547772e-47,-1.10405741283925,0.558,0.798,3.961345022354e-43,"3","MT2A"
"WISP2.2",3.15511622883636e-47,-1.32888416845038,0.052,0.449,6.53519224478875e-43,"3","WISP2"
"SLPI.3",4.46666895479435e-45,-1.76052588579918,0.011,0.398,9.25181140606554e-41,"3","SLPI"
"PI16.3",4.05922097255806e-44,-1.3568111696104,0.011,0.39,8.40786440045951e-40,"3","PI16"
"APOD.3",9.34138125774574e-44,-2.8083543137378,0.008,0.384,1.93488029991688e-39,"3","APOD"
"MMP2.2",1.43203143809658e-41,-0.797846770184764,0.088,0.454,2.96616671772946e-37,"3","MMP2"
"FBLN1.2",4.5620502748428e-41,-2.04035891329972,0.271,0.554,9.44937473428189e-37,"3","FBLN1"
"PDGFRL.2",2.39208102678306e-40,-0.721775142233803,0.108,0.469,4.95471743077574e-36,"3","PDGFRL"
"PLAT.3",1.91305951614487e-39,-0.833393916524988,0.017,0.369,3.96252017579087e-35,"3","PLAT"
"SFRP4.2",2.942999234408e-39,-1.74611776038518,0.116,0.462,6.09583431422928e-35,"3","SFRP4"
"IGFBP4.2",4.43500735117781e-38,-0.812526257388568,0.331,0.612,9.18623072649461e-34,"3","IGFBP4"
"PLA2G2A.3",8.94426897193642e-38,-1.85860623855005,0.006,0.341,1.85262643215719e-33,"3","PLA2G2A"
"ABI3BP.2",3.09995109523992e-31,-0.745075983848685,0.188,0.481,6.42092870357046e-27,"3","ABI3BP"
"IGF1.3",4.07964687634745e-30,-0.770592339685231,0.008,0.289,8.45017257497847e-26,"3","IGF1"
"CXCL14.3",5.6842985651542e-27,-1.53435298935532,0.006,0.261,1.17738876180039e-22,"3","CXCL14"
"RERGL.2",1.50679245331902e-25,-0.864712304218719,0.003,0.246,3.12101920855969e-21,"3","RERGL"
"PTN",4.59596058173589e-22,0.94522344721323,0.406,0.206,9.51961315294955e-18,"3","PTN"
"FBN1.2",5.87129071001579e-21,-0.821196686037704,0.268,0.478,1.21612044476557e-16,"3","FBN1"
