"Feature","Gain","Cover","Frequency"
"MYH11",0.153180092411893,0.052533506022991,0.0123732251521298
"DLX6-AS1",0.0736806944780807,0.0419399000058959,0.00791075050709939
"DSTN",0.0677059327168834,0.0223245872036994,0.00750507099391481
"RAMP1",0.067393062431048,0.0214064890538739,0.00730223123732252
"ACTA2",0.063777140481507,0.0360208357868912,0.0150101419878296
"MYL9",0.0388845912460042,0.0199630188220212,0.0121703853955375
"CFH",0.0335509846916014,0.0275961536871536,0.0115618661257606
"MYH10",0.0277840765519096,0.0229510847104303,0.0107505070993915
"C12orf75",0.0212837931476065,0.0191221361862057,0.00689655172413793
"SUCNR1",0.017803504913657,0.0262024025720134,0.00405679513184584
"DLX5",0.0134009258588865,0.0243198673228631,0.00669371196754564
"LMO2",0.0131944972779543,0.0204583762532534,0.00689655172413793
"RGS16",0.0124020775347484,0.0161622203612011,0.00365111561866126
"MFAP4",0.0121389180588389,0.0152732209583334,0.00709939148073022
"PLN",0.0117346141154474,0.011372118493935,0.00344827586206897
"PPP1R14A",0.0117121466699144,0.0167896839054528,0.0111561866125761
"ADH1B",0.0101754283343894,0.00654108150980845,0.00649087221095335
"TPM2",0.00995946080754523,0.00796447657571687,0.0107505070993915
"SOST",0.00973970903934539,0.0268603049751529,0.00831643002028398
"SPARCL1",0.00952470839806772,0.0116456758314398,0.0113590263691684
"CLU",0.00870255022986874,0.00664237083309358,0.00831643002028398
"FRZB",0.00794503703896865,0.0234843702016096,0.0103448275862069
"APOE",0.00774962797846209,0.013284817830822,0.00933062880324544
"LMOD1",0.00762565787783507,0.0145804197266742,0.00365111561866126
"SERPINF1",0.00754291429024749,0.00772014331937927,0.0026369168356998
"CALD1",0.0069691197695968,0.0103913368496108,0.0113590263691684
"TAGLN",0.00668156552292499,0.0104180070052365,0.0103448275862069
"STEAP4",0.00628247185314012,0.00993154541053534,0.00283975659229209
"FLNA",0.0052741743299042,0.00534467489183708,0.00324543610547667
"MGP",0.00490637601879391,0.00472201887862067,0.00993914807302231
"RGS5",0.00471952711850279,0.0072593636682691,0.00709939148073022
"PTN",0.00449988493066716,0.0123539249864475,0.00872210953346856
"NDUFA4L2",0.00417097822791288,0.00436373175920473,0.00365111561866126
"DCN",0.00403918007298782,0.00819034087220761,0.00628803245436105
"LUM",0.00369852595851991,0.00438232701737018,0.00527383367139959
"THSD4",0.00354238534382094,0.00597551956741141,0.00425963488843813
"PDE5A",0.00288607085885985,0.00371567893772344,0.00689655172413793
"SULF1",0.00263977262763322,0.00140554530526087,0.00344827586206897
"IGKC",0.00257604569578375,0.00636634248344741,0.00425963488843813
"OGN",0.00252606514957681,0.00100159561927812,0.00446247464503043
"AGT",0.00231493031512952,0.00235145824948114,0.00223123732251521
"COX4I2",0.00218633403894585,0.00636092418916926,0.00121703853955375
"IGFBP4",0.00206770176644436,0.00419823516666887,0.00182555780933063
"PGF",0.00192694467298752,0.0024699393288151,0.00243407707910751
"BGN",0.00191593432557881,0.00164066987159887,0.00283975659229209
"CSRP1",0.00188723344317435,0.00182184950963934,0.00202839756592292
"FHL1",0.00184147087327144,0.00313611162052123,0.00405679513184584
"DMD",0.00184048551771143,0.00528429369035198,0.00101419878296146
"ITGA8",0.00180066049290466,0.00178433228076867,0.00365111561866126
"CCL19",0.00178404022585523,0.000735520252012812,0.000811359026369168
"JUN",0.00166430334857385,0.00180726759747147,0.00385395537525355
"RSPO2",0.00161666849154319,0.00816156799419388,0.00101419878296146
"OMD",0.00161248621562931,0.00067564581047966,0.00121703853955375
"COL15A1",0.00161131231738383,0.00306661621174814,0.00243407707910751
"SOD3",0.00158609135530097,0.00086734002456951,0.00304259634888438
"IFITM2",0.00156120186142386,0.00150258158087318,0.00365111561866126
"CCDC102B",0.00151790522159459,0.00485489772524579,0.00202839756592292
"PLAC9",0.00151613185429788,0.000656058483842287,0.00223123732251521
"TIMP1",0.00149298622531173,0.00303529688004008,0.00446247464503043
"FOS",0.00149027671445114,0.00457604742767219,0.00324543610547667
"MT-CO1",0.00146412060048191,0.00207601005260754,0.00446247464503043
"IGLC2",0.00145965594439874,0.00183805992293223,0.00223123732251521
"NOV",0.00145956644550399,0.00105595674151003,0.00304259634888438
"ATP1B1",0.00144731117094856,0.00392202556447389,0.00283975659229209
"MT2A",0.00143095183904239,0.00171145393296796,0.00365111561866126
"GREM2",0.00138061193369991,0.0126625778307695,0.00141987829614604
"ZFP36",0.00137283371119645,0.00308613725587099,0.00243407707910751
"SOCS3",0.00136882510280548,0.00479840670479491,0.00324543610547667
"AEBP1",0.0013219949920694,0.00107079787856652,0.00405679513184584
"CSRP2",0.00129721073996741,0.00104090229527043,0.00182555780933063
"COL3A1",0.00129271360644598,0.00163389218320467,0.00141987829614604
"PI16",0.00124301221745645,0.00810924771058416,0.000405679513184584
"COL14A1",0.00122140083752885,0.000921694518549965,0.00385395537525355
"SPARC",0.00116901125874507,0.000705440102042191,0.00182555780933063
"CXCL12",0.00116620580308595,0.00245320287338422,0.00182555780933063
"TCEAL4",0.00114969982686886,0.00151885948181722,0.00405679513184584
"CRTAC1",0.00113310831846704,0.0032548655427877,0.00182555780933063
"VIM",0.00113249670136638,0.0041477018596507,0.00283975659229209
"CYR61",0.0010851030698886,0.000860402233774321,0.00304259634888438
"TBX2",0.00107645427849623,0.00119253138063132,0.000405679513184584
"C11orf96",0.00105620571137864,0.001234058942658,0.00365111561866126
"CNN1",0.00104984273663323,0.00361395600627966,0.000811359026369168
"CRISPLD2",0.00101480540685661,0.00362707512360883,0.000405679513184584
"CCDC80",0.00100718826996773,0.000593632888581952,0.00101419878296146
"TMSB10",0.000971179096237074,0.00201506870361789,0.00243407707910751
"ACTC1",0.00092821671370654,0.00588849279508781,0.00243407707910751
"HES4",0.00092647439831167,0.00186954399681729,0.00121703853955375
"CD99",0.000924296116694058,0.000266370505225431,0.000608519269776876
"MT-CO2",0.000910593054962479,0.000513951906058847,0.00202839756592292
"PPP1R12B",0.000898022055081681,0.00308941040695183,0.00243407707910751
"MALAT1",0.000884818426933108,0.000935087081379959,0.00243407707910751
"IGFBP5",0.00087956799038762,0.000756129413996815,0.00385395537525355
"CFI",0.000820943363256458,0.00119366746293026,0.000405679513184584
"S100A10",0.000813656207057068,0.000559028956995092,0.00283975659229209
"CSTB",0.000811155692230465,0.000361590489297715,0.00121703853955375
"EMP1",0.000787748942161523,0.00066845650767027,0.000405679513184584
"TGM2",0.000779441907629004,0.000683268841961361,0.00101419878296146
"LHFPL6",0.000778348273281508,0.000873625414651292,0.00223123732251521
"PCDH7",0.000772975674463482,0.00230778144679262,0.00121703853955375
"VCAM1",0.000769792885514054,0.000815631769596164,0.000811359026369168
"IGFBP7",0.000747862681268882,0.000975187821896264,0.0026369168356998
"CD9",0.000723768202850842,0.000479940570280245,0.00101419878296146
"SPINT2",0.000721606903710487,0.0018270489511059,0.00223123732251521
"TIMP3",0.000705926746934941,0.000235992626250936,0.000405679513184584
"HLA-B",0.000689411845620315,0.00120734757135962,0.00223123732251521
"PDLIM3",0.000669683723252853,0.000411106932157843,0.00101419878296146
"CARMN",0.000664072502035402,0.000677292569424584,0.000811359026369168
"JUND",0.000662992317314055,0.000789017773337308,0.00162271805273834
"SH3BGRL3",0.000660936259948823,0.000444155634926653,0.00243407707910751
"HTRA1",0.000655045075775994,0.00171389819107627,0.000811359026369168
"ARHGAP29",0.00065286660821885,0.000631356617613776,0.00141987829614604
"ITM2B",0.000633055618799951,0.00152354143761584,0.00283975659229209
"NDUFA4",0.000632329029088662,0.000301276685078518,0.00141987829614604
"C2orf40",0.000620503770690951,0.000507131796855354,0.00182555780933063
"FGFR1",0.000611150144512537,0.000118651530845742,0.000405679513184584
"SERPINE1",0.00059420194210846,0.000717904348127866,0.00101419878296146
"MECOM",0.000589300328125041,0.00335584803828742,0.000608519269776876
"MT-CO3",0.000564433332931303,0.00128492149300285,0.00283975659229209
"LMNA",0.000564280428656138,0.000404062968825754,0.00121703853955375
"CTSC",0.000563081986392426,0.000152074353216414,0.000608519269776876
"SEPT7",0.000556634657079326,0.000210705334777102,0.00101419878296146
"H3F3A",0.00055653679090564,0.000391932575714368,0.000608519269776876
"COL1A1",0.000545283172609203,0.00124970426738616,0.000811359026369168
"CD58",0.000541951941933379,0.000460110348355558,0.000405679513184584
"ZNHIT1",0.000540650303229396,0.000195095064460602,0.000202839756592292
"SHISA3",0.000536650991815025,0.00117416473688415,0.000405679513184584
"ENPP2",0.000533013828629185,0.00198856461581948,0.00223123732251521
"COX5A",0.000520784461648552,5.9673650706769e-05,0.000202839756592292
"DEXI",0.000519924615272648,3.15919317302169e-05,0.000202839756592292
"IGFBP2",0.000517614905395819,0.000816556772214757,0.00466531440162272
"RPL38",0.000505380642007509,0.000579176491393853,0.00223123732251521
"PRELP",0.000502374495613501,0.000217398000782216,0.000405679513184584
"EFEMP1",0.000496577272884186,0.000414774825741087,0.00202839756592292
"ATP5F1E",0.000486077422460635,6.67774867329434e-05,0.000608519269776876
"MMP2",0.000483077907909935,0.000724132132678844,0.00101419878296146
"CFAP300",0.000482905294044376,0.000238694602827076,0.000202839756592292
"BST2",0.000478694507402255,0.0008021918448967,0.000811359026369168
"RPL37A",0.000477507810318982,0.000381613111285014,0.00101419878296146
"CD63",0.000460541013961703,0.000220748672276633,0.00101419878296146
"RACK1",0.000456178841550596,0.000140058101607879,0.000608519269776876
"SKP1",0.00045343046932781,0.000391180239046109,0.000811359026369168
"FTH1",0.00044802808919474,0.000268978752300352,0.00202839756592292
"ARPC2",0.000447739480051123,0.000149242824452795,0.00101419878296146
"AC100793.2",0.000441325743813474,0.00022991905399568,0.000202839756592292
"CYSTM1",0.000440406737676466,3.33470381070493e-05,0.000202839756592292
"TPM1",0.000440117694673941,0.00115901568741928,0.00283975659229209
"TYMP",0.000437428048353352,0.000335231620462944,0.00101419878296146
"PRDX3",0.00043328206163814,5.2120453126592e-05,0.000202839756592292
"TMEM106C",0.000432347467570364,0.00200668095268908,0.000811359026369168
"SVIL",0.000420002818079878,0.000819688862053324,0.00243407707910751
"ACTG2",0.000416162391995618,0.00154932834860711,0.000811359026369168
"MT-ND3",0.000411971655833033,0.000419148628104007,0.00182555780933063
"PHLDA2",0.000409589646468171,0.0020873303830062,0.000608519269776876
"HIST1H1E",0.000406267836728636,0.000195076806640692,0.000202839756592292
"MTRNR2L8",0.000405001805445035,0.000198550658162668,0.000811359026369168
"DNAJB4",0.000402778216561454,9.94009043179407e-05,0.000405679513184584
"TFPI",0.000402376401232759,0.000353350668889956,0.000811359026369168
"SELENOW",0.000401353826776416,0.000283289749754318,0.000405679513184584
"TNFRSF11B",0.00039946059046139,0.000211351754999994,0.00101419878296146
"IGFBP6",0.000386922129998695,0.000961317663420711,0.00405679513184584
"C1QTNF2",0.000386362885866224,0.000170552743257391,0.000608519269776876
"GSN",0.000385688018334758,0.000384657467177085,0.00121703853955375
"RPL13A",0.000378672209892429,0.000432086101214966,0.00243407707910751
"MYL6",0.000376398014466216,0.00101767581755838,0.00141987829614604
"HSPA1A",0.000375288544268576,0.00044041296261566,0.00223123732251521
"DLX6",0.000373528998477072,0.000137572823661607,0.000608519269776876
"RPS8",0.000371729909545092,0.000214472170077481,0.000811359026369168
"PHLDA1",0.000366023580257013,0.000483571134756445,0.00101419878296146
"S100A6",0.000360305877667558,0.000288551978839181,0.000608519269776876
"HLA-E",0.000360276716150953,0.000117348627509117,0.000608519269776876
"NPEPPS",0.000356115482394115,8.24281743190953e-05,0.000202839756592292
"F10",0.00035575141279042,0.000156868989289728,0.000202839756592292
"CALM1",0.000351867383885902,0.000740521569017778,0.00202839756592292
"RABAC1",0.000351596469987749,5.76778126394751e-05,0.000202839756592292
"TINAGL1",0.000349844051878306,0.00012259225229729,0.000811359026369168
"TMSB4X",0.000348173013304043,0.000200320702584606,0.000608519269776876
"ANP32B",0.000347593811661802,0.000185209147933065,0.000405679513184584
"FAM96B",0.000343692397411039,0.000128030099917224,0.000405679513184584
"RPS12",0.000342263854976453,0.000107793295022766,0.000405679513184584
"RPL14",0.000341846420727068,0.00033104536748771,0.000608519269776876
"MFNG",0.000332857545930633,0.00175210560169362,0.000202839756592292
"HSP90AA1",0.000332530075424824,4.42572944057699e-05,0.000405679513184584
"B2M",0.000330545232900356,0.000321908081833302,0.00121703853955375
"S100A4",0.000330318696570512,0.000538506022536802,0.00283975659229209
"PALLD",0.000328988826047584,0.00133433462552557,0.00202839756592292
"NFKBIA",0.000328497511824143,0.000319393413617522,0.00101419878296146
"LAMA4",0.000327096612399984,0.000426401501870509,0.000811359026369168
"RPL24",0.000326650853361888,0.000132160841286545,0.000608519269776876
"CEP350",0.000324683148264288,0.00138481020649927,0.000202839756592292
"RHOC",0.000323191200449283,0.000295279533549667,0.00101419878296146
"EGR2",0.000323101422645239,0.00172296298776252,0.000202839756592292
"EXTL2",0.000321785962436043,5.75851413988567e-05,0.000405679513184584
"RND3",0.000315130194907548,0.000154131039385251,0.000405679513184584
"CYTL1",0.000308510592618032,0.000428955337026689,0.00162271805273834
"ATRX",0.000305724288730714,0.00118953480840654,0.000405679513184584
"TNC",0.000305268117078826,0.000932796899989505,0.000608519269776876
"LTC4S",0.000303595807917761,0.000331849103233141,0.000405679513184584
"RPS26",0.000303146051179727,7.99344754806377e-05,0.000405679513184584
"PRKAR1A",0.000293742593206732,3.02528102718777e-05,0.000202839756592292
"DHRS7",0.000293471493369047,3.86415912158981e-05,0.000202839756592292
"FN1",0.0002929825653696,0.000206167136713955,0.00141987829614604
"RAB35",0.000291595332501044,0.000112288319066226,0.000202839756592292
"MT-ND2",0.000290066568658699,0.00029807123254774,0.00101419878296146
"HERPUD2",0.00028795826228497,4.73878966538123e-05,0.000202839756592292
"PLK2",0.000284149569880842,0.000761502997706077,0.000608519269776876
"ASPN",0.000283595501065344,0.00022841635407039,0.00182555780933063
"EGR1",0.000283238218254568,0.000296845970138355,0.00141987829614604
"RAB8B",0.000281833383110314,4.17343145133111e-05,0.000202839756592292
"TSPAN13",0.00028166021142616,0.00417891055981633,0.000202839756592292
"NFIA",0.000281194030029464,0.000335019426031222,0.000608519269776876
"TXLNG",0.000280328016659082,4.21225756402892e-05,0.000202839756592292
"RGCC",0.000280136158051959,0.000156453669079406,0.000608519269776876
"ZBTB25",0.000280067577354566,0.00181942887220894,0.000202839756592292
"NR2F2-AS1",0.000279140854726979,0.000405301849279032,0.000202839756592292
"SGCG",0.000278508660318112,0.00380694706789458,0.000202839756592292
"MESD",0.000278014773931145,4.08448671912873e-05,0.000405679513184584
"KRT19",0.000277300797118111,0.00266468796168786,0.000202839756592292
"TMEM47",0.00027664350087242,5.90543761864162e-05,0.000405679513184584
"VEZT",0.000275416361940933,5.79185424469106e-05,0.000202839756592292
"RPL31",0.000271433382215458,0.000273617232795131,0.00223123732251521
"HLA-A",0.000270905716813508,0.000293552301606428,0.00101419878296146
"NDUFS6",0.000269999509514287,4.58494041706795e-05,0.000608519269776876
"FGL2",0.000269792682774837,0.000627647869898853,0.000811359026369168
"MRPL20",0.000266123878878632,6.56250898969108e-05,0.000811359026369168
"NUCKS1",0.000265774126618902,0.000195025723911886,0.00101419878296146
"SELENOM",0.000264866462793347,0.000301557029986538,0.00141987829614604
"PCOLCE",0.000263745805233864,0.000242570322221767,0.000608519269776876
"TMBIM1",0.000263244636215226,1.93061795602862e-05,0.000202839756592292
"MED11",0.000262526072893736,2.65882910711915e-05,0.000202839756592292
"SUGCT",0.000261312445568242,0.000359675135526892,0.000405679513184584
"CYBA",0.000261208164480701,4.14102645722778e-05,0.000202839756592292
"AIG1",0.000258684515677323,0.000135756004874307,0.000405679513184584
"KIAA0930",0.00025691029615775,0.000166736904088889,0.000202839756592292
"SFRP4",0.000253230304899701,0.000140582742774541,0.000202839756592292
"RTRAF",0.000252976218529196,4.69343058234569e-05,0.000202839756592292
"RPL11",0.000252485632568923,0.000204699596649779,0.00101419878296146
"RNF169",0.000250892921022524,8.99114852730214e-05,0.000202839756592292
"TMEM131",0.000247381019101421,5.26532176673355e-05,0.000202839756592292
"THY1",0.000247234343800579,0.0011357582376959,0.000811359026369168
"NR2F2",0.000246467203776348,0.000228693881971542,0.000405679513184584
"MT-CYB",0.000245939460899593,0.000638716085714998,0.00101419878296146
"VEGFB",0.000245098611345877,6.65209884659448e-05,0.000202839756592292
"ENG",0.000244810978384804,0.000145037650832506,0.000405679513184584
"SYNGR1",0.00024379598096439,0.00365200602605344,0.000405679513184584
"BTF3",0.000242720165822046,4.29112170494576e-05,0.000202839756592292
"THBS1",0.000242633208100904,0.000165885158713052,0.000405679513184584
"FKBP10",0.000241619992601006,0.000273024576730043,0.000405679513184584
"AC080038.1",0.000241218859050595,0.00125227000326653,0.000405679513184584
"S100A11",0.000240148575609328,0.000260511643124609,0.00182555780933063
"GADD45B",0.000238789497084912,7.68133599174865e-05,0.000405679513184584
"PRDM6",0.000238592013806946,0.000191162522873915,0.000811359026369168
"PCDH10",0.000237194445799402,0.000104676706254073,0.000202839756592292
"ANXA1",0.000237134185896066,0.000189603814223852,0.00182555780933063
"JAG1",0.000237123974716766,4.6384530026003e-05,0.000202839756592292
"GSTP1",0.000236025815840657,0.000101374164903725,0.000608519269776876
"TSN",0.00023595486441423,2.23827069512384e-05,0.000202839756592292
"ARPC5",0.000233737674949543,4.50562924578327e-05,0.000608519269776876
"SNX9",0.000233713440830536,5.62059566797503e-05,0.000202839756592292
"LTBP1",0.000233297742016784,9.25146180493783e-05,0.000811359026369168
"KCNK15",0.00023171407952761,7.77328641002156e-05,0.000405679513184584
"AURKAIP1",0.000231479888687031,7.19594009936736e-05,0.000608519269776876
"FTL",0.000230061108077875,0.000212045024909288,0.000811359026369168
"TSPO",0.000229998121061404,0.000134942145981204,0.00101419878296146
"UBC",0.000229984717920137,0.000108335455863154,0.000608519269776876
"CDC42",0.000229431191428275,8.09759244258825e-05,0.000811359026369168
"SDF4",0.000228903076672456,4.10293510126767e-05,0.000405679513184584
"RPL13",0.000228266791593884,0.00088664878387539,0.000811359026369168
"MSL2",0.000227734555178438,0.000156766733446867,0.000202839756592292
"EEF1E1",0.000226748750264552,2.3746780386849e-05,0.000202839756592292
"CPE",0.000226571968254484,0.000242793995579868,0.00101419878296146
"CHD2",0.000222428662167525,0.000133435770389199,0.000405679513184584
"SEL1L",0.00022218850576696,0.000147102848278776,0.000202839756592292
"ELN",0.000221165481956748,0.00022475787561705,0.000405679513184584
"IFI27",0.00022037348801507,0.000577527743973493,0.000405679513184584
"PPM1N",0.000217798163516751,0.0017081452303566,0.000202839756592292
"COL1A2",0.000216394955343403,0.00112127044669865,0.000405679513184584
"MYO1D",0.000215862424523698,9.3936408114326e-05,0.000405679513184584
"TOMM22",0.000214330019365517,0.000269266147257643,0.000202839756592292
"RPL8",0.000213656422420853,0.000261687856473246,0.000608519269776876
"CES1",0.000212124962455294,0.000144618549506015,0.000405679513184584
"GLIPR1",0.000211583568517896,0.000118522905107046,0.000202839756592292
"EIF4G3",0.000210584856301495,0.000111415491331508,0.000405679513184584
"MAOA",0.000209773571133371,0.000172192346703588,0.000202839756592292
"C1orf43",0.000208472598712711,0.000125448290527074,0.000405679513184584
"PLVAP",0.00020844937176617,0.000539294001120825,0.000608519269776876
"FAM136A",0.000208323707632446,9.2856861787438e-05,0.000202839756592292
"VCAN",0.000208252229377345,0.000233200927252863,0.00162271805273834
"AGPAT2",0.000208174739077376,0.000256914641703489,0.000202839756592292
"FBLN2",0.000207258305103894,0.000302963153275325,0.000608519269776876
"RPS20",0.000206699680769863,0.000309488606573346,0.000811359026369168
"SERPING1",0.000206130132488325,0.000353212771131332,0.00101419878296146
"CTGF",0.000205528897011539,0.000408988422480005,0.00223123732251521
"CAP1",0.000204929923799059,0.000518668810819675,0.000608519269776876
"MINDY3",0.000204121691138252,0.000242153435333829,0.000405679513184584
"ITGBL1",0.000203272133416453,0.000228247378850978,0.00162271805273834
"PFN2",0.000203257134294203,0.000742244552854404,0.00141987829614604
"PDE4D",0.000201770966099652,0.00182425785467614,0.000405679513184584
"SMIM12",0.000201664066363701,0.000528553883751573,0.000405679513184584
"JUNB",0.000200899033654167,0.000267456875638473,0.00101419878296146
"CMPK1",0.000198789782087816,3.53461940661213e-05,0.000202839756592292
"CD2AP",0.000198182736000655,8.38308328400782e-05,0.000202839756592292
"CCNI",0.000197323060069322,4.33989960995202e-05,0.000608519269776876
"FHL2",0.000197204678567269,7.70333500767696e-05,0.000202839756592292
"SEPT4",0.000196687208849658,7.90350368227598e-05,0.000202839756592292
"SPRY1",0.000196154678029953,1.75510731834538e-05,0.000202839756592292
"POSTN",0.000195967591870819,0.000383697003413222,0.000405679513184584
"LEPROT",0.000194979214793407,4.87991455393195e-05,0.000608519269776876
"PCNP",0.000194900128512454,0.000541615275036274,0.000405679513184584
"PSMD7",0.000194440021140471,0.000142159392896149,0.000405679513184584
"SMOC2",0.000194144966093078,0.000182807626982419,0.00101419878296146
"MAGI1",0.000193914137659036,9.06986955824445e-05,0.000202839756592292
"BCAT2",0.000193906731067677,4.97405530802571e-05,0.000202839756592292
"CERCAM",0.000191269163311015,0.000464255566428619,0.000608519269776876
"RPL19",0.000191195717195867,5.37361835694046e-05,0.000202839756592292
"MIR4435-2HG",0.000191023258279918,0.000174251548595135,0.000202839756592292
"COX4I1",0.000190587632946318,8.22504618591327e-05,0.000405679513184584
"PCDH1",0.000190511165313775,0.00159265987965179,0.000202839756592292
"POLD4",0.000190297582771328,0.000156097400563841,0.000202839756592292
"RPSA",0.000189775743474714,0.000326131995328152,0.00101419878296146
"ESD",0.00018960660048042,3.12842321037747e-05,0.000202839756592292
"FSTL1",0.000187893756501375,4.75378834392338e-05,0.000202839756592292
"MT-ND5",0.000187719763584288,0.000458109670911494,0.00101419878296146
"COL8A1",0.000186401157898008,0.000291365069012395,0.000608519269776876
"LTBP2",0.000186393983731064,2.53013369646239e-05,0.000202839756592292
"GPRC5C",0.0001861482646395,0.000149657060040152,0.000608519269776876
"CD81",0.000185835049497813,0.000306211147129062,0.00101419878296146
"RSU1",0.000185201491532377,0.000143266521787603,0.000608519269776876
"PPP1CB",0.000184643998330499,0.000332774196236981,0.00101419878296146
"RNPC3",0.000182233075368407,9.59949923733516e-05,0.000202839756592292
"EMP2",0.000181797372560002,0.000121574258323661,0.000608519269776876
"PLOD1",0.000180647057645161,4.16718055828529e-05,0.000405679513184584
"OTUD4",0.00018023788220999,0.000891726205258394,0.000202839756592292
"COX7A1",0.000180203204487269,4.54554412410316e-05,0.000202839756592292
"RGS7BP",0.000180202848103166,2.02593089379542e-05,0.000202839756592292
"RCC1L",0.000178727061532485,0.00116110671998201,0.000202839756592292
"ARL6IP5",0.000178503097366167,8.85134966564709e-05,0.000608519269776876
"ILK",0.000178027433053338,4.81471101329531e-05,0.000202839756592292
"ENTPD6",0.000177481266667952,0.000231379107148557,0.000405679513184584
"PIP4P2",0.000176927352802065,3.00142308801122e-05,0.000202839756592292
"CTBP2",0.000176862552875156,0.000169599224093345,0.000202839756592292
"CP",0.000176071999964852,6.97332650828778e-05,0.000405679513184584
"RPL36",0.000175829379865488,0.000246768114380211,0.000405679513184584
"ENSA",0.000175769894710202,8.79177072361505e-05,0.000202839756592292
"VPS52",0.000175278874891021,0.000154518490811057,0.000202839756592292
"TOMM7",0.000174430851170361,0.000337511256907906,0.00101419878296146
"NFIL3",0.00017352819221721,0.000141161253548462,0.000202839756592292
"CTSK",0.000173029827786514,0.000351828129402933,0.00162271805273834
"C1R",0.000172966747800276,7.83187939965006e-05,0.000608519269776876
"SIX1",0.000172884020203488,0.000261560714559023,0.000405679513184584
"BARX1",0.00017217554410161,0.00170529580531406,0.000202839756592292
"BCAM",0.000172002078013196,0.000466090477329543,0.000608519269776876
"AP002387.2",0.000170451512760722,0.00113187468491313,0.000202839756592292
"SORBS3",0.000168234369780917,0.000103322125152431,0.000405679513184584
"SEM1",0.000168104444532918,9.5864513737091e-05,0.000405679513184584
"MMP23B",0.000167268754801216,5.19234396503263e-05,0.000405679513184584
"CLHC1",0.000166942957751195,0.000276428997318055,0.000202839756592292
"PLS3",0.000165483797273669,0.00055446016352581,0.000608519269776876
"APLP2",0.00016515601686864,0.000286545637252966,0.00121703853955375
"EVA1C",0.000165130264243456,0.00142675209449855,0.000405679513184584
"CPSF3",0.000164924909525301,0.000314787291041196,0.000608519269776876
"TBC1D10C",0.000163920820557433,0.0013074571863999,0.000202839756592292
"RPL15",0.000162292300156159,4.85288710542455e-05,0.000202839756592292
"MORF4L1",0.000162239229914728,0.000123265757965889,0.000202839756592292
"MRPS9",0.000161719296498318,0.000222898636020454,0.000202839756592292
"SQSTM1",0.000161603130775688,0.000193002314578181,0.000811359026369168
"PRCP",0.000161318658786659,0.000194821950372349,0.000202839756592292
"UNC5B",0.00016081329063359,0.000283050620518966,0.000405679513184584
"ANKMY2",0.00016067406840899,0.000975824254549354,0.000202839756592292
"SRP14",0.000160562101820792,0.00109610381952967,0.000811359026369168
"SRPX",0.000160400938731414,0.000136529808038747,0.000405679513184584
"NT5E",0.000159734980802524,0.00263662876558507,0.000405679513184584
"LINC00662",0.000159366789539203,0.000147066784565192,0.000202839756592292
"EBNA1BP2",0.000159362791839264,2.48253230608893e-05,0.000202839756592292
"C12orf57",0.000158778988193605,0.000146623203900951,0.00101419878296146
"CIR1",0.000158623310320421,0.000108674129383954,0.000405679513184584
"CYB5R4",0.000157855225103569,0.00115206891835621,0.000202839756592292
"PTMA",0.000157577617382264,0.000238329069823686,0.00121703853955375
"CALM2",0.000157297298042783,0.000320417116925924,0.00121703853955375
"RPLP1",0.000156890307397113,0.000235152736406674,0.00182555780933063
"CCDC68",0.000156214990511778,0.000207783104418042,0.000405679513184584
"CST7",0.000155943394835341,0.000361087465269312,0.000202839756592292
"TNFAIP8L3",0.000155423507903814,0.000589517346998348,0.000405679513184584
"NFIX",0.000154832080737342,7.19533225858077e-05,0.000202839756592292
"RAMP3",0.000154747850129337,5.80181469891902e-05,0.000202839756592292
"RBL2",0.00015468185709043,0.00154832868777443,0.000202839756592292
"MAP1B",0.000154276353961017,0.000208636039866298,0.000405679513184584
"AATF",0.000153771419666856,0.000414426119457861,0.000202839756592292
"ANGPT2",0.000153547114611396,0.00029439198055178,0.000405679513184584
"KLF2",0.000153225129321782,0.000268363560180325,0.00121703853955375
"ATP5MC2",0.000152694752301656,0.000130302746569745,0.000811359026369168
"CEBPD",0.000151949925021268,0.000106634872503595,0.000811359026369168
"SIAH1",0.000151932679129673,0.000343932556272878,0.000202839756592292
"YIPF4",0.000151626979044071,3.68845886319031e-05,0.000202839756592292
"ECSIT",0.000150305863174109,7.13736443357789e-05,0.000202839756592292
"SNRNP48",0.000150231704290755,0.000515580045642873,0.000202839756592292
"ANPEP",0.000149030286994531,0.00122278681772444,0.000202839756592292
"RPL27A",0.000148479905979752,0.000193932785504222,0.000202839756592292
"SDC4",0.000148393692016739,0.000488566365821441,0.000608519269776876
"RPS27A",0.00014824380925897,0.000950641538806389,0.000405679513184584
"BAHCC1",0.000148028134896788,0.000211330996521582,0.000202839756592292
"ZC3H12A",0.000147705591788578,0.000232314037080121,0.000202839756592292
"CCDC9",0.000147624584132461,0.000243094375884323,0.000202839756592292
"PISD",0.000147622228898389,0.000505828562106156,0.000202839756592292
"RPLP0",0.000147417292544181,0.000136679802356272,0.000608519269776876
"CRYAB",0.000147287878629895,9.59244843485271e-05,0.000811359026369168
"ARHGAP6",0.000146599375532748,6.1924665156823e-05,0.000202839756592292
"BRK1",0.000145546942286554,0.000455469849256927,0.000405679513184584
"CAVIN2",0.000145171173987303,0.000937773089895783,0.000202839756592292
"TBC1D9",0.000144890901132705,0.000250359768007545,0.000202839756592292
"NOTCH3",0.000144776160946488,0.000457925224750624,0.00101419878296146
"YTHDF3",0.000144754545475891,8.71015058587273e-05,0.000202839756592292
"MYL12A",0.000144423511129052,5.85007288875458e-05,0.000202839756592292
"HNMT",0.000144265462526835,5.60128674296286e-05,0.000202839756592292
"THUMPD3",0.00014364399063098,8.82882716849612e-05,0.000202839756592292
"RPS7",0.000143415470946128,0.000136672918013286,0.00101419878296146
"AP3M1",0.000143283267938862,0.000168797838364338,0.000202839756592292
"RASGRP2",0.000143076007340504,0.000290011429423744,0.000405679513184584
"MRPS16",0.00014305939674231,0.000663242484050516,0.000202839756592292
"CHST14",0.000142033909233298,7.89086179905138e-05,0.000202839756592292
"NKAP",0.000141626515718643,7.68494838879018e-05,0.000202839756592292
"RPS16",0.000141330143599564,0.000178824349143705,0.00121703853955375
"DLC1",0.000141020864177971,3.42755092594989e-05,0.000405679513184584
"GPR4",0.000140443351486479,0.00132375256182504,0.000202839756592292
"UQCRB",0.000140373934061191,0.000652019829975531,0.000202839756592292
"PSMA3-AS1",0.000139961086320263,0.000111919163120849,0.000405679513184584
"DTNBP1",0.000139886028729171,0.000630381360797808,0.000202839756592292
"LIMCH1",0.000138510417081366,0.000666267256472386,0.000405679513184584
"COL6A3",0.000138460585286785,8.68676039034981e-05,0.000405679513184584
"HMCN1",0.00013770869230418,0.000104194410575666,0.000405679513184584
"FUS",0.000137628815780216,2.48575585826543e-05,0.000202839756592292
"PTPRC",0.000137437700931222,0.000470716062862406,0.000608519269776876
"NECTIN2",0.000137087018973832,0.000926331462495544,0.000202839756592292
"MT-ATP6",0.000136497807586784,0.000130097044811604,0.00121703853955375
"PALM2-AKAP2",0.000136439949402403,0.000190861148331742,0.000202839756592292
"PLA2R1",0.000136195810796861,0.000157672001953182,0.000405679513184584
"BTG2",0.000134604090927966,5.88473035853612e-05,0.000202839756592292
"GMDS",0.000133911621120803,3.41124128471992e-05,0.000202839756592292
"SYNE2",0.000133696458092334,8.62457232751879e-05,0.000405679513184584
"KCNK3",0.000133254185420463,0.00121140092789324,0.000202839756592292
"UVRAG",0.000132968117450451,8.76898912208912e-05,0.000202839756592292
"CYREN",0.000132057788491604,0.000106575670166759,0.000202839756592292
"ID1",0.000131554078299362,0.00060069028918744,0.000202839756592292
"SNRPD2",0.00013151924562703,0.000108828356743884,0.000202839756592292
"SBF2",0.000131316618022011,6.55725836004626e-05,0.000202839756592292
"GNG11",0.000130967470065761,3.32526495467364e-05,0.000202839756592292
"GORAB",0.000130901616481504,0.000117095578945715,0.000202839756592292
"UFC1",0.00013070895213641,9.6961406499314e-05,0.000811359026369168
"POP4",0.000130466285552163,0.000124607383848783,0.000202839756592292
"PPP2CA",0.000130174530931463,0.000771224051542945,0.000202839756592292
"FADS3",0.000129912650595574,0.00023587340811004,0.000608519269776876
"RNF213",0.000129736829273088,4.93463415911798e-05,0.000202839756592292
"TMED2",0.00012951518160344,9.66791409047943e-05,0.000202839756592292
"WDR83OS",0.000129360115781216,0.000547482000653593,0.000405679513184584
"DKK3",0.000128759577577675,4.93566342111908e-05,0.000405679513184584
"RPS19",0.000128379509426745,3.88879286747044e-05,0.000608519269776876
"OAZ1",0.00012713970336464,7.83665851958929e-05,0.000202839756592292
"PIK3R1",0.000126908565031378,0.000170786690405244,0.000405679513184584
"MYL12B",0.000126861127208271,0.00018834453683315,0.000608519269776876
"MT-ND1",0.000126402003766312,0.000317073917278599,0.00141987829614604
"ZNF37A",0.000126288301742482,8.93552092698818e-05,0.000202839756592292
"PPP1R3D",0.000126096629074891,0.000279444550444724,0.000202839756592292
"NPC2",0.000125817433120083,0.00056695640598895,0.00101419878296146
"CHD1",0.000125622452278319,4.63120900165222e-05,0.000202839756592292
"FAM3C",0.000125216980138827,0.000122203821697973,0.000811359026369168
"ARMC1",0.000125138172767173,0.000429756180444213,0.000202839756592292
"ROM1",0.000124967232357403,0.000227665749786033,0.000202839756592292
"MXRA8",0.000124648074898171,2.72926030448365e-05,0.000405679513184584
"PDGFRB",0.000123753039465833,0.000511284456647091,0.000405679513184584
"TAGLN2",0.000123679159491777,0.00067699743146446,0.000608519269776876
"GEM",0.000123664640713318,3.31721539521098e-05,0.000202839756592292
"COL4A2",0.000123592689861907,9.15442043762327e-05,0.00101419878296146
"NKD1",0.000123049080145086,0.000646464692433305,0.000202839756592292
"OXR1",0.000122915513581252,2.70443656128155e-05,0.000202839756592292
"ENPP6",0.000122914459923904,0.00226375274420882,0.000202839756592292
"ERP44",0.000122514442010685,3.96285529213629e-05,0.000202839756592292
"HBEGF",0.000121853241034822,0.000146413856604511,0.000202839756592292
"CASC3",0.000121509190920742,3.15651249723544e-05,0.000202839756592292
"RNPEPL1",0.00012044363344258,6.88180692635927e-05,0.000202839756592292
"RAB5IF",0.000120005126046233,0.000306867464536508,0.000202839756592292
"GNB4",0.000119955410463859,2.6073358786486e-05,0.000202839756592292
"SON",0.000119721823926759,6.16405993894657e-05,0.000608519269776876
"MORF4L2",0.000119153577221946,9.8098377586512e-05,0.000608519269776876
"LGALS1",0.000118994908821289,7.58724645596156e-05,0.000405679513184584
"NDUFA11",0.000118975540120037,9.8756932028824e-05,0.000608519269776876
"SPSB1",0.000118880780686031,2.80817170935261e-05,0.000202839756592292
"RPL30",0.000118070378730684,3.61440886649594e-05,0.000405679513184584
"KANK2",0.000118016371044112,0.000201376326949434,0.000608519269776876
"GAPDH",0.000117714560193722,8.62335062026246e-05,0.000405679513184584
"IL33",0.000117400671021231,6.01769873174848e-05,0.000202839756592292
"AC109322.1",0.00011708785874853,0.00130273461749692,0.000202839756592292
"RMI1",0.000116946916583259,0.000338052724794733,0.000202839756592292
"CHMP4C",0.000116810127067536,0.000268180469798162,0.000202839756592292
"SRSF9",0.000116797165532658,6.67971153957671e-05,0.000202839756592292
"CFL2",0.00011656437698605,3.94666126870154e-05,0.000405679513184584
"TUSC1",0.000116212703351156,0.000229086485356432,0.000202839756592292
"PDHA1",0.00011582339245599,0.000116343649011068,0.000405679513184584
"JCHAIN",0.000115765456796805,0.00109073710509918,0.000202839756592292
"MSX2",0.00011520756072594,4.1635056447812e-05,0.000202839756592292
"ZNF704",0.000115159665801484,6.78870710902769e-05,0.000202839756592292
"NDUFS5",0.000115121951066406,2.87129921384544e-05,0.000405679513184584
